PC1,PC2,Label
0.11023488589125038,2.6542031289387054,1
0.21322530065378878,0.5052253575418869,1
0.002204662230816653,2.850054111390439,1
0.00911826128149948,2.8878007816705273,1
0.11400567750184795,2.73599488793017,1
0.19652360456005,0.8953924917141624,1
-0.152515884007357,2.8974328384950216,1
0.6957968672721295,1.10789591904133,1
0.24326121734818154,0.36045842782961207,1
-0.022688117793579335,2.8629672759968927,1
0.39096196161950847,0.8957201318865172,1
0.0896468563898942,0.6497969906680221,1
0.14312173683884336,2.919258839077771,1
-0.09650520509443632,2.834248185361697,1
-0.18644660366245525,2.721433131305475,1
-0.004547107261473169,0.7719598625590055,1
0.4054194551008278,0.5736467241848159,1
0.010938672014282438,2.7419830139761405,1
0.10639448006591587,0.5657768742430855,1
0.08558424366870115,0.653176301939006,1
0.3200345151815057,0.7854736439449514,1
-0.03440443389496449,3.029592618611948,1
0.11084929583933857,3.027266675281681,1
-0.15230046594900645,2.63083994677201,1
0.25398864560914525,0.4087805776158791,1
-0.04676791130872922,3.0333655916776294,1
0.2037997171307596,2.8858174126179796,1
-0.09117386435023248,3.131694945731963,1
-0.04595847675500064,2.963109048814595,1
0.24896061358448365,0.6050249635898554,1
0.02159873468853489,2.929250689386614,1
0.3157786529916842,0.4838032036470295,1
0.30033644919018815,0.6056481238688726,1
0.15608631036464934,0.6943427465005105,1
0.034349960456873364,2.8699759716744695,1
-0.13958609386063675,2.791814136775601,1
0.4522285164416702,-0.14215415413663793,1
-0.03861572541375617,2.7671898780451873,1
0.13032111794048132,0.42834045969433854,1
0.04812231741400008,0.6219067083220511,1
0.07294390946056448,2.758338485330655,1
0.034223663714476917,2.935325779803636,1
0.30601430241751487,0.8055640662355656,1
0.0890602510355101,0.3496823452167146,1
0.2681792173050159,0.5705218058727569,1
0.24486016595267648,0.22190649859474804,1
-0.2710491992229523,2.9826913333142895,1
0.19751493156402725,0.6698503472488356,1
0.024545502787224237,2.9424178398193654,1
-0.1741846830205213,3.0316992118039114,1
0.07421093594558106,2.5182031935459146,1
-0.0955265789398417,3.034684482990696,1
0.009709971913923419,0.672181380335074,1
0.1599027388240682,0.5770375350169455,1
0.07438617166862622,2.623135175931955,1
0.3242373263470002,0.6508264575335222,1
0.009252388267802867,2.5410652401255214,1
0.3165804894993676,1.198178752168217,1
-0.09404078299528018,2.5656843765418134,1
-4.76896643673106,-0.07968652311313211,1
-4.415248177227975,1.877722657055,1
0.36094572369438443,-1.242819291594186,1
-5.478600415806384,0.14268123797383706,1
-4.219084609454742,1.9808016442602274,1
-5.177010128814685,1.3648380321386147,1
-4.523410054459934,1.8756543311161478,1
-4.740766392496781,-0.00020028037417203453,1
-5.202721582565611,0.21307028648241258,1
-4.745550273052098,1.3098134094997036,1
-4.849744028785696,-0.009662393016701834,1
-4.980134364164515,1.9221445540541198,1
-5.4993742939572625,0.1423223533962754,1
-5.4539003391277685,0.0040134432577998815,1
-5.257517280514035,0.11101209097975416,1
-4.784937835538212,0.1084265550717159,1
-4.9867744541726875,-0.28217638611734663,1
-2.360113014732275,1.3322383148849197,1
-4.769046053228488,0.013643891098464237,1
-4.755714808972609,-0.10576010397025762,1
-5.438904192680936,0.28835753796427577,1
-5.284784649410249,1.9403424977588695,1
-5.344252465944522,0.06089077819135432,1
-4.409103677035075,1.7771381131154194,1
-4.4502034064899725,1.7214666855220344,1
-5.452039063379971,0.05576048475627809,1
-4.900906965782935,0.028180099143267103,1
-2.2907749672608237,1.2969603523839848,1
-5.350689306723256,0.2776470069841151,1
-5.365664633862513,0.16000177352755732,1
-4.362394102602676,1.7882941106362795,1
-4.690968008752924,0.021897444244030465,1
-5.405472949987785,0.07619972191717049,1
-4.730826512322369,0.034381158445636176,1
-5.4304117933511655,-0.33405601715591854,1
-4.4602992985885335,1.926916479104222,1
-5.273116195408651,-0.0297087002391315,1
-5.489357394391506,0.00815753861684109,1
-3.668715170031327,-1.643806946265891,1
-5.429652935471527,0.19750057314564762,1
-1.4812620908848175,-1.4802351981872046,1
-4.757775329782229,-0.014562305574872057,1
-5.0285231596555615,0.3479294292669697,1
-5.382598273054894,0.14464529373865806,1
-5.445759524085667,0.1322359291190489,1
-4.670377096786154,-0.17033870748764726,1
-2.022762516460645,-0.45336716473188704,1
-5.32339586290944,0.011712544906491656,1
-4.4450201751801615,1.985020442536813,1
-5.290968194004045,-0.052347036344882074,1
-4.990404381963713,1.9086658081770715,1
-5.49786290503297,0.13259881092522668,1
-5.047641633798588,1.9351748349443054,1
-1.8789074563307069,-1.3592376081128643,1
-2.3117708361640137,1.3112185056808185,1
-4.366850659085377,1.7443123473977815,1
-4.895203227421922,-0.5005604408904314,1
-4.760250204725687,-0.004494523996458922,1
-3.420756953712598,1.8398285738752127,1
-5.371553854470907,0.2273120535491412,1
2.0175118661152593,-4.407812056768995,1
2.0932179186067827,-4.301745493313549,1
2.037150080382638,-4.417942415850069,1
0.877187283688919,-2.5357024448712178,1
2.4204569111589724,-2.2722433069264465,1
2.009260002944572,-4.3578471921190145,1
2.2585306760722665,-1.7100455278747995,1
0.8616734317478754,-2.6726592521178145,1
1.742210892210356,-4.0823978193851955,1
2.34087585577386,-0.6379099858282385,1
3.241600534378069,-2.135479717049826,1
3.8572586684688837,0.013574727894815966,1
3.122901938195998,-1.8485077018172906,1
2.027390565745119,-1.1971949800162598,1
1.926369505135024,-3.9123030452217713,1
2.188803938014248,-1.678150375606587,1
2.1294729771605367,-1.4721173671494934,1
1.3576841500887753,-3.3775286951349512,1
0.8636380424255858,-2.507268586831111,1
2.3258193872071042,-2.2932300103788514,1
0.8469622626425765,-2.63946630616366,1
0.8136819290068071,-2.637366295215439,1
1.9532206194516293,-4.115267997780059,1
2.294964264129838,-1.5692713774657252,1
0.9076890418121418,-2.50380952581393,1
1.9492247927595239,-4.025854970026354,1
0.9289132619406761,-2.4563778133038303,1
1.893493138773381,-1.2242195844404298,1
1.7912228957825658,-4.3678139482869724,1
3.8368590000864646,-0.23633805785199036,1
1.0691530965453206,-2.9836571860976986,1
0.8848063464861248,-2.5258303489202576,1
2.0505830759838615,-3.9287032752560584,1
0.8976823058557815,-2.590941538912049,1
2.249246566322568,-1.9067328557822425,1
0.7744985540784899,-2.165511659468561,1
0.8658217673598394,-2.8162641963639965,1
1.9112388174959263,-3.9220205374401296,1
2.1916609528227102,-2.1329899434602893,1
2.178442322943315,-1.665023779953387,1
2.0817959624288536,-1.698119132674085,1
3.34875931745942,-2.1674027167829033,1
2.41701109808532,-2.2471656285316057,1
1.8745985967769514,-4.324466727134912,1
0.9014959242360964,-2.727448231462782,1
0.8864349707365157,-2.3299714247578223,1
2.2297847291348947,-0.17745721857930224,1
2.042312023019938,-4.358166501833302,1
0.9594331427701657,-2.9051331363918265,1
1.9828717137017433,-1.3671750459076497,1
1.0576474366316617,-3.048604936963324,1
0.8645815450313554,-2.5658926088758998,1
2.0664298260740632,-4.251937594971841,1
2.631456842681965,-2.570266046573827,1
2.755538312663069,-1.3078824155681077,1
1.1360071131250353,-3.0419437834905945,1
1.9879975002355526,-4.186720931518621,1
2.0985454638125107,-1.7027559620587722,1
2.041569918313732,-4.167592092801928,1
0.7914729036872661,-2.4543563737073195,1
1.678158875598063,2.34964037279598,1
1.1560933544931598,1.691827714333966,1
1.3231088944803742,2.0732078994043204,1
1.6693406124074668,2.534589517750242,1
1.5260098650980731,2.537855877387762,1
1.398072196724682,2.4546840321899475,1
1.1294704545220147,2.6973555884333638,1
1.8277599282207582,1.8483441478478828,1
1.3354774704098615,2.5152443147237347,1
1.2571425923397805,2.847919664098623,1
1.7213884500949095,2.3540068066783806,1
1.4526032365899924,2.4183580244967127,1
1.435958747561848,1.9926696749406123,1
1.4406180116601364,2.421405878166954,1
4.066213127064951,-1.1648069342299827,1
1.1314541927540671,2.5365668711529445,1
1.397120644514356,2.549213470694773,1
1.1852806470038164,2.1990952080666633,1
0.451356137139841,1.9901578248375846,1
1.3544819529158676,1.7387221291137656,1
1.124910740633832,2.8092550462077917,1
1.7237630090866203,2.3762265247051797,1
3.3842758782956976,-0.8960096235683288,1
1.577623364897846,1.3705176389095228,1
1.1095695283451457,2.49338275816751,1
1.1696878990362332,1.5766437601894425,1
1.0105244025539701,2.723602303438333,1
1.2523373152821948,2.5714530912624296,1
1.0653172689404038,2.6771811319110324,1
1.385813181217952,1.283347330556565,1
1.6711729162081965,2.3429153490618386,1
0.9785996735485903,2.3635725682149578,1
1.2261342533025774,1.990252197033516,1
1.3732728485635368,2.5250144627442506,1
1.211875529558026,1.2345234315568616,1
1.487626567982723,2.5788938725367063,1
1.5564965795083108,2.3991562335849785,1
0.7990973332856548,0.8308764251711771,1
1.5295181084848242,1.3196009193976346,1
0.6875164423390319,2.7450609561124915,1
1.415202220274722,2.2133927792354786,1
1.7626854860886185,2.02365475782813,1
1.261190552111971,1.9954636814107427,1
1.121335937171008,2.524782781987356,1
1.1051984069086276,2.8630006213678554,1
1.676941009477539,2.5597814955008134,1
0.8524664586981875,1.7739944699910086,1
0.9463272560669529,1.1054334688225558,1
1.8077631630385107,2.5320258338086186,1
0.9834072268818164,1.3034339198811173,1
0.23401201945358885,1.7096628022382334,1
1.379614090997403,2.0410183198394805,1
1.091958472059169,2.732624400421368,1
1.214584592758075,2.7541196803281958,1
1.8796675938370584,1.5074905933820169,1
1.165318580728803,1.6471828251798768,1
1.0353366167583085,2.4233156614350766,1
1.3782886271146855,1.5704137111322582,1
1.4509625888561895,2.8155367952858223,1
1.5632015834291484,2.5746707344724467,1
0.3591565172567452,-0.12808261564173656,1
-0.2708658811644166,0.03891265978871938,1
0.20130493362528115,-0.589963679985168,1
0.1731457900321636,-0.5661823847696799,1
0.379716538441766,-0.39177780296087916,1
-0.8505459252242676,0.21954122896122924,1
0.34759929104576415,-0.2588971626703885,1
0.2276532642993388,-0.10666807630044772,1
0.39013936197784754,-0.22731188214688636,1
0.4921985229449709,-0.6418425637435667,1
-0.16072409575496618,-0.3698843905196923,1
0.38926576317085676,0.08949986855111765,1
1.033089809519074,-0.3254354753771841,1
-0.21948797075818807,-0.11941876549107872,1
-0.14485057771266807,-0.363083516866675,1
-0.17127138650740342,-0.7121675609125403,1
0.2959371944347147,-0.19729170022569859,1
0.2958760096565757,-0.29343884897379197,1
0.20095598530104497,-0.3185356148296479,1
0.6731568266727224,-0.35084163067690105,1
0.27573521235271664,-0.45605832130663526,1
-0.3002465169919968,-0.6604689873718523,1
0.33951019606787525,-0.2538192553146767,1
0.28377153994834486,0.050512007581385666,1
0.2144212323932918,-0.397215714854702,1
0.20274525380628713,-0.46992854814741875,1
0.44619214359203124,-0.5695985858264994,1
0.18658536715424665,0.016557280514966684,1
-0.33359927279117474,0.028762799717156014,1
-0.23834698818537456,-0.3981785339666198,1
0.20449135103532431,-0.1453061902237094,1
-0.457029337562828,-0.08806982059910581,1
0.3210190107357596,-0.4014216051068608,1
-0.2447372972699689,-0.04201913172098757,1
0.20537276831510634,-0.2945334786079968,1
0.34768802089615475,-0.43824468773817404,1
0.18086153162841143,0.0528046207519763,1
0.27834594803508694,-0.5799666688772166,1
-0.031295565636913124,-0.3424027100546536,1
0.30387290478092505,-0.0799576599017682,1
-0.3369497369144028,-0.10958880563032777,1
0.3559954481840506,-0.401459899096741,1
0.3082191652119443,0.13794855901142228,1
0.26379269711118447,-0.20581134360881756,1
0.3953673697988146,-0.2863484227834022,1
-0.240401873443938,-0.007765816637005523,1
0.23650169746144054,-0.39579426730951356,1
0.16282469002287955,-0.5343387387658204,1
0.3362147945917577,-0.7497121776166862,1
1.5398572894969542,0.33597953573131956,1
0.22672983707841174,-0.1490283207594091,1
0.3386579501947201,-0.5999470184942259,1
0.13779080332123314,-0.796806075629021,1
0.1543832288472748,0.13540545649065103,1
-0.22935844015984885,-0.06550034213122803,1
0.196076951425188,-0.19892452462687824,1
0.4555813419836578,-0.2822059723378047,1
0.11099060986402719,-0.06859383422822181,1
0.07634377364652525,0.07555990656642657,1
0.15442806318763602,-0.10119834650237523,1
-3.753550692234885,0.6501964204509876,1
-0.698059922164598,1.9567692210045418,1
-4.457874103644476,0.581241448028902,1
-0.36363214221205364,1.8928675719721828,1
-0.6986325153153716,1.8013690088230465,1
-0.06576075606940589,2.0449020694046967,1
-1.2508969291653014,2.2052745830128604,1
-2.4653191785167885,1.8675640461648184,1
-4.138262313973124,0.6210535724181889,1
-0.4397177818173964,2.045256903867036,1
-0.544623783527259,1.9801602399109943,1
-0.9552132413042747,2.083219801183986,1
-3.73554187926393,0.9591689293213621,1
-2.3416126804637387,2.150971581155255,1
0.399998858761957,1.50904480564251,1
-4.075905015039277,0.928447677921706,1
-0.4894794473316643,2.02659680931882,1
-1.7822393104248644,2.1503709944662175,1
-1.188501182406728,2.045296526411199,1
0.8131754037581029,1.7980794796679027,1
-0.34659932836115126,2.0078499385442,1
-0.5759019150515992,1.6622113104508416,1
-0.28468449155270625,1.8222312636672893,1
4.924721175458317,-0.6401931360450116,1
0.26582921907063867,1.648341904054275,1
-3.6052683355455604,0.5650889350380544,1
-0.3343704026237097,1.964426107075357,1
-2.4396591832976564,0.35174107929095594,1
-0.6171813006184322,1.655908077085508,1
-0.3140537050714177,1.8393414996322435,1
-0.48731876414731234,2.0096806272114662,1
5.4511340259193855,-0.8205042226888282,1
-4.579131364629183,0.68880083148247,1
0.12921391545236144,1.1619254631600469,1
0.4223254680632684,1.6342179748907455,1
0.7371682134678825,1.8848483453696878,1
-0.3069570425006925,1.7986182577252672,1
-4.498880879938472,0.5995999600768767,1
0.531945589716202,1.6586740833192788,1
-0.5536395857972325,1.8013897311315659,1
-0.3408326521174429,1.9734900330829044,1
-4.038306053794128,0.4718286740417299,1
-4.255533071882608,0.771597803639335,1
-4.136663713855075,0.582838036926584,1
-4.656394738614754,0.6118263385115235,1
5.113614920493965,-1.117605618356759,1
-0.30625683752936217,2.171588513730913,1
1.0739819555490704,1.6960188438866828,1
-0.2821502146971252,1.9687131577634454,1
-0.6928802147757114,1.91242719648857,1
3.9123578460927675,-0.5643827421123897,1
-2.605190257622368,1.7502988949463338,1
0.10418275781754238,1.6415062755456504,1
-3.2089221525273066,1.1638605225083494,1
-0.31743084238868047,1.925819258181779,1
-0.5108927358469675,2.0908113659451355,1
-2.436312103231845,1.9510536431588796,1
-2.3697929015667603,2.1637271645454446,1
-4.46965544945334,0.5438744523484772,1
-2.2072752600520733,1.9222625995352072,1
-0.1636246977789773,1.7374264961921457,1
-0.9923539912649058,1.7694487686442093,1
-0.07813985802888347,1.7703551340178985,1
-0.5028567577075019,1.8429174390491394,1
-4.567025572000588,0.6153117973503709,1
0.6890760133437972,1.7004527364871325,1
-0.2217038894072978,1.3996044265704881,1
-0.7440648978403359,1.9361145294971813,1
-0.3066083639764324,1.5656507363313144,1
-0.5520822580210889,1.4443726132426744,1
4.797477649192353,-0.433157815358155,1
-0.43068350571352065,1.515127843295289,1
-0.5951528004866943,2.113713331976936,1
-0.615676308399693,2.0723931301621246,1
-0.3633384750800606,1.5317438012129405,1
-0.6813452327792137,1.920049958515936,1
-0.585019107740755,1.592771959807625,1
-0.35897109010668093,1.3226533764561004,1
-0.3061867597325326,1.5432375090875248,1
-0.3703416658125681,1.4747113175923434,1
-0.7164286776817085,2.203223075843153,1
-0.6500099539034747,1.746012251761015,1
-0.6948126476682587,1.916007305142524,1
-0.42367537513078113,1.3102578501330608,1
-1.0081517848600405,1.8370892067261355,1
-0.675787119902723,1.7530502739971174,1
-0.7830260749142961,1.801189564581274,1
-0.2217038894072978,1.3996044265704881,1
-0.6796476289089038,1.9250365199036275,1
-0.34552041018482055,1.6624781893250027,1
-0.7342327161962056,1.9446028317211188,1
-0.414078428399575,1.3541870510578662,1
-0.4424923318239305,1.496484117624885,1
-0.40105853589125867,1.5767592589108457,1
-0.3633384750800606,1.5317438012129405,1
-0.43043449647324017,1.4469276709245125,1
-0.6574804608872367,2.048607911050346,1
-0.2955307210801297,1.5191371703516723,1
-0.6545952451024042,1.8429121355344038,1
-0.5444280536278645,1.6877100920996773,1
-0.19096348174013922,1.5072130783646798,1
-0.8247679365266741,2.0182685662994357,1
-0.2903120085153285,1.352096081498687,1
-0.7030822778434692,1.8303984185441244,1
5.482576626369975,-1.1927480585786423,1
-0.5755834731958926,1.9862112480464282,1
-0.7691771555645801,2.1743267626204466,1
-0.23999392482971907,1.3301238621466072,1
-0.2982860731632282,1.4850066530400128,1
-0.6758753808703801,1.8799242770586395,1
-0.694861933267451,1.8844483844418711,1
-0.6992341802056989,2.187649345508211,1
-0.6730982199616802,1.7889450437046048,1
-0.5395476107353405,1.8354256133580897,1
-0.8991344634905127,1.9764376630684466,1
-0.49073504882313157,1.7524711358305014,1
-0.2724527046068938,1.50040238368683,1
-0.302309840697471,1.4226065243908403,1
-0.5642425849409861,1.9090281619304863,1
-0.2932079039601169,1.5093503431263886,1
-0.7083679180026988,1.9463529496125418,1
-0.6289119914911906,1.9278630808590813,1
-0.6667643823166427,1.7634945749615911,1
-0.5886906456402464,1.459530197144614,1
-0.32073148377723476,1.4734148054642322,1
-0.9152438288663314,1.6493283707937019,1
0.8637727917640075,1.0720743328271511,1
0.9034007800939038,2.1232673018693724,1
1.7420724204596778,1.5567458787901425,1
-2.9244323880243823,0.6640949277170631,1
-3.720036829326434,0.6692418728854532,1
-3.8862204601232877,-0.3307442349814466,1
-3.8448991719144088,1.2372419155381513,1
3.8360874666766143,-0.23822715490553154,1
2.523588930760848,-0.6583886994308666,1
1.0751128142607456,2.30303607944449,1
-4.151563610009682,0.2097558227089144,1
1.7008503577152085,1.7988033021356342,1
-0.7785092538498453,0.8176523274287625,1
-3.6713444946922404,1.2459179859019696,1
-4.10678102393329,0.23481312687365655,1
3.578487973736506,-1.3335531145902064,1
-3.643336732323612,1.0156482192690597,1
1.748073666359436,1.7025779946162907,1
3.8371676539706288,0.33550648913480596,1
1.7911278921610785,1.6818616728278222,1
-4.106125408816154,0.9909268235958562,1
3.903952676926992,-0.2755843652429092,1
-3.3288655624249137,-0.24108463539090255,1
-3.377070908617485,0.6523473272501821,1
1.7472271457687498,1.690318435038371,1
-3.773064421615489,0.963587943570536,1
-3.2484367973251844,0.7207719315965065,1
-3.65389550374532,1.2343872153402626,1
-4.206955713647893,-0.3678332293999937,1
-4.311528822020053,0.08812543349922859,1
0.9839233189104063,0.7005446877622752,1
1.1611071664392465,2.281250722976929,1
1.629066983272566,1.6736047467062756,1
1.80237879485503,1.8222400922680422,1
-4.218320230979472,-0.04169400058392373,1
1.7558514680956552,1.7229895514720859,1
1.7367564408193967,1.7262124301744983,1
0.9119488265576053,2.189792251784224,1
1.5916638267721899,1.7270983091736447,1
-0.32782629253514173,1.818879306420861,1
1.717338344613121,1.7612899415000602,1
-4.279007922781022,0.20634777433343326,1
0.5479340830916783,1.2585243397479506,1
1.632982248092123,1.802786979826943,1
0.9116110708950251,0.7127084831262331,1
0.5633378749838385,1.131533720587594,1
1.8412379773944325,1.5714986618433977,1
1.23597919509824,2.288076005594968,1
-3.655841427828529,1.0898270825651584,1
0.8969870574175601,0.6070506423784893,1
1.6457947939504711,1.7853042047199632,1
0.9993665297592119,0.5330619079805642,1
-3.9402356759561217,0.1124203130174312,1
-4.182020106387566,0.014030741006321113,1
0.7167602055825779,1.111829216981023,1
1.774728801841428,1.7011118590170948,1
1.026667435282592,0.7965515131750075,1
1.7046664367942364,1.751957194735749,1
1.2157108738757159,0.7313413280576974,0
0.874552852816901,1.107559572111025,0
1.0154804044584498,1.418025352422993,0
0.22283366399655588,0.12728019626705234,0
0.1493476156320614,0.027180896258852578,0
0.5080516615310047,-0.2073593205698359,0
0.4411478082165504,0.641910119283736,0
0.4732847255341595,1.2565960395468487,0
0.985937136044724,1.343803520714431,0
0.4390654883560265,1.3605178233493334,0
0.5386278728407389,1.425986893402219,0
1.1484480586187786,1.3538379841694603,0
0.5503059080415683,1.3506752792712626,0
0.8842962996814823,0.9323711669393552,0
0.5946153843757574,1.2461061268656015,0
1.0110345312458664,0.873029195642208,0
0.5039380019904077,0.3119397415205321,0
0.2900920628891313,0.11163809019605206,0
0.3876310467834595,1.270786332009532,0
0.2950580075128347,1.357890346717527,0
0.05237690211101638,1.3518382643583038,0
1.0200856193198922,0.622806323405202,0
0.4501552845212471,0.5501273744523406,0
1.144202791867411,0.3091600727256676,0
0.31553871944231093,0.12641799145203939,0
-0.47692161289444246,0.15661712245475148,0
0.047298696857285015,0.28761082230504315,0
0.46538802727838646,1.4439103643914386,0
0.319333670071283,1.4167942453972373,0
1.0503087308856478,0.8490243410137923,0
0.6831665655445586,0.40937709280635237,0
0.838610255563659,0.6653203149787704,0
1.2393395814408203,0.6438266166232348,0
-0.15630099026646793,-0.2387916899029114,0
0.44440367377286544,0.05955138548135417,0
-0.02226000271363725,0.26894476299068876,0
0.6819324353453515,1.320954410862901,0
0.67423172562513,0.9880352743995141,0
0.3266513658189534,1.236847301305422,0
0.4486898873568016,1.3739546121272248,0
0.4066500634399129,1.999254118006061,0
0.5486731288860625,1.4991028559040427,0
0.8207869918491533,1.1347428460768432,0
0.35371733967788876,1.3694555115723686,0
0.536921832543167,1.3860681952426925,0
0.4885752860500134,0.3305978439768522,0
0.33786700830370603,0.2722439273870748,0
0.22065136291779688,0.24728057205302392,0
0.49917727542022144,0.10897050280451881,0
0.28098761134723266,0.11969442948199459,0
0.5809632786230485,-0.23931881649149256,0
0.7458926554136707,0.6869756345811421,0
0.22830303978909108,1.0645215274111857,0
0.80783588545287,1.422424173415338,0
0.07373661210382286,-0.059033253184347684,0
0.21945505676406538,0.4979988189407196,0
0.6560059924341191,0.1166267112186573,0
0.6919838131746382,-0.1196465672248697,0
0.16517123648014895,0.11531665007640374,0
-0.15892185288164573,-0.5476504133442968,0
0.954379923458078,-0.05370006442098824,0
0.3527125191923041,0.5114759839506037,0
1.1525577607491482,-0.08865142213327969,0
1.456801842029865,1.2583442467982673,0
0.5039571556786874,1.4453690753643424,0
0.8169973467026611,1.167409711497501,0
0.5988659628970193,1.7116758166139419,0
0.7227883621765288,1.3130901890179283,0
0.6516474821159296,1.557865386160894,0
0.2140089505759813,1.0630895626601915,0
0.42193700823971625,0.9892395015299935,0
0.38189112489112914,1.2436247383992938,0
-0.08060495313442576,-0.5779860565593156,0
0.6963299001827125,0.0813386434488282,0
0.798359972672018,-0.1573972519164247,0
0.9789707926954693,1.6657064043148586,0
0.35644264812129234,1.1948532579315663,0
0.4214780697009717,1.578286862720603,0
0.025512048116737226,0.5168162872948097,0
1.1586900504171989,1.3880423976646483,0
-0.6199919299582831,0.8839176765583838,0
0.6504141111307419,1.5099073358654782,0
0.5593858113983755,1.2553318093001338,0
0.780173677387129,1.4347594485677375,0
0.4927998117878175,1.344712034242775,0
0.851510935821616,1.4354608166911824,0
1.2103465896671455,1.4332655299645733,0
0.8200518718996139,-0.2877913923175102,0
0.5582989415643946,0.16203000517628852,0
0.44124043481206526,0.24174620000951702,0
0.5942539681180284,1.4688643497762586,0
1.0273482110229466,1.1611212169150076,0
0.9499633073603551,1.0948461625430825,0
0.15784372564021196,0.3208594441090646,0
0.360465427325402,-0.056271301702760596,0
0.5339139290264217,0.1726784440845166,0
0.09803097812519959,-0.6065500070557781,0
0.7473313867585032,0.2503419383653342,0
0.6325796664646837,0.11994425472600152,0
0.6351443632438155,-0.2118587244783352,0
0.2556116753288703,0.09585889009547319,0
0.2557474873381574,0.23715933376181944,0
0.5164953167132232,1.2748550151872393,0
0.9107074759274445,1.371443079246601,0
0.2739881126639835,1.293019930718383,0
0.6593469343836531,1.356751426180552,0
0.4384539005260747,1.33353824288477,0
0.1539703631732148,1.0503758862652792,0
-0.021756382702388864,0.10018847839578758,0
0.5418396508865536,-0.4351642244023683,0
0.2990152626505622,-0.13187749566191265,0
0.5963930102624341,1.33644279388903,0
0.2660231332024848,1.207954869608992,0
0.5652397493831416,1.3702042203142002,0
-0.06148263692050065,0.32147921955446784,0
1.4796852123308657,0.12928045090547308,0
0.04080171763603894,-0.48557677538250954,0
-0.11977118239384194,0.04848989296168116,0
0.1586679046756948,0.06063984515569741,0
0.5423243581455448,0.17291873331264535,0
0.775977232012799,1.0892883791829964,0
0.830561459828939,0.8195215850367584,0
0.3192717156237177,1.3371317611411793,0
0.14657521452862307,1.066458046407924,0
0.3649390635918155,1.3040322445802104,0
0.4743314169277982,1.3747714951589194,0
-0.48659387172145235,0.29022692514257176,0
1.4088972538699367,0.32292142647494837,0
0.9134776402574686,0.6007485762609289,0
-0.8093630239853075,-0.3589885595670011,0
0.34436051563426284,-0.1491101277135829,0
0.6596642666235155,-0.3108247903311346,0
0.4896369995586991,-0.022928885416671853,0
0.35812072338716944,0.3638528649374509,0
0.2986057329997331,0.194233860373329,0
0.22245200741500676,-0.14396742302190613,0
0.4948839477958575,-0.37382738590656434,0
-0.12913734191739204,-0.012290598319475207,0
0.5196999826588142,1.5684124121403171,0
0.3055128192166181,1.4862016203162738,0
0.4416758106062178,1.5018191589948466,0
0.30783071679266694,0.24153149236422083,0
-0.03863717134836621,-0.000144669128561483,0
0.26911504575507716,0.31896064444654043,0
0.8128476446199716,1.5140811738968467,0
0.7587627579271323,1.2536959775803858,0
1.3595523425487566,1.1339616717385608,0
0.731916853563072,1.191885662494826,0
0.659732282334692,1.3319020950798972,0
0.6263249708420651,0.7346446891455168,0
0.636840627391996,1.4587243177530635,0
0.6657837183166255,1.3721951483577022,0
0.5407634849147972,1.5101710150465868,0
1.0448633839720443,1.6026259608646154,0
-0.08794751896203554,1.923210852873886,0
0.526953231834767,1.1786883505532826,0
-0.012008774227555244,0.19666922986384075,0
0.186097913677986,0.07911666821937581,0
0.2744689516094282,0.26511241623654097,0
1.1709373629401691,0.1516492771010404,0
0.45759346233570825,0.15555864285006987,0
0.3359580252338083,0.5552180373936997,0
1.0170157060140144,0.95170059472979,0
0.3806887655031138,0.8571295677244192,0
0.4904518300522815,1.3542923037425505,0
-0.09350146974446857,0.027162978271382934,0
0.5202277410735355,0.02161941118757749,0
0.7131753375219633,0.3342839171547565,0
0.24447795221363183,1.159528292906602,0
0.26490883826216155,0.9390038551903948,0
-0.000768976774511777,1.2391872361975151,0
0.5387231732955005,0.02732964103430723,0
0.9033401083860912,0.30089935736645834,0
-0.12112935768976156,0.2860928354790793,0
1.4983997956364559,0.3761509797627506,0
-0.0361809248481942,1.2466777614166702,0
0.2662725293806043,0.9675556137038824,0
-2.8725312834334424,-1.8348830814930246,0
-2.8538364917347168,-2.1105526887487898,0
-2.670484525834002,-1.7853467903453422,0
-2.2479007703448697,0.41839011668681186,0
-2.4446205703657777,0.26769152133665813,0
-2.139065448434057,-0.21789358126704433,0
-0.3767942465141734,-1.6253613739496464,0
-0.9521907753006712,-1.9711503779198802,0
-0.746472281888274,-2.2682345673871733,0
-3.0840042343217817,-1.6415301223125536,0
-3.2282588715709752,-1.6094787831270099,0
-2.9647070636565767,-1.3307428516019717,0
-2.429057891550128,-0.20955565480138597,0
-1.842190566563271,0.5525999961007183,0
-2.380280996006619,0.36805676428373757,0
-2.8447333483377393,-0.13973113840881313,0
-2.907082043244797,-0.20001631308961398,0
-2.7385954030094872,0.1438551343295703,0
-2.505094472451457,0.2155029062286051,0
-2.3529691356325415,0.15867897865031375,0
-2.4405334709906907,0.2130303224621153,0
-2.7699835396601244,-1.6947442500091607,0
-2.7145330990364935,-1.6539244918213227,0
-2.4961386133500496,-1.4641718325143878,0
-2.851803470808556,-1.2608287642116074,0
-3.0184927900000775,-1.1180703844524524,0
-2.9772359460545412,-1.9413794551460113,0
-2.899546276045642,-0.3803998701865447,0
-2.161481946632907,-0.27824634465330295,0
-2.510149745144069,-0.2669552576858168,0
-2.8456008413442655,-1.6643339765958922,0
-2.2983298283505396,-1.608140334531763,0
-2.7393667058190325,-1.5715901236667165,0
-2.273407665881723,0.09304201606332176,0
-2.624003783124299,-0.5613324020630864,0
-2.7251488734838314,0.3608185984380371,0
-2.8437115401827606,-1.393225070871628,0
-2.8419759677797973,-1.570337835706429,0
-2.9841255037088867,-1.4480588059797848,0
-3.3314850720246976,-1.6451353238132531,0
-3.460161444743295,-2.1286737473749455,0
-3.091961159537998,-1.6820827951614048,0
-3.0276581135562646,-1.3289601836081024,0
-3.094205904463371,-1.2105250220659645,0
-3.187490776985216,-1.4605071717092444,0
-2.887101503992077,-1.8668015969398228,0
-2.7037426764588983,-1.3310951034115746,0
-2.7117013034644035,-1.4721301074425186,0
-2.960206220104762,-1.8776044001752223,0
-2.8092392431780535,-1.712693903904241,0
-2.8615691606482136,-1.7921033374295958,0
-2.106619453188458,-0.634803670849056,0
-1.7602864923661188,-0.8535471884657525,0
-1.9656993337243023,-0.5090415521623969,0
-2.687017012625903,-1.5817090478580904,0
-2.853270728518207,-2.255631966958186,0
-2.7247607711828215,-1.6216089753463538,0
-2.6387951255212028,-1.528184856366459,0
-2.7869452158496846,-1.6496629677221384,0
-2.5639552238870174,-1.5534674090493217,0
-3.1071939216948197,-1.6385960377560016,0
-3.1378890482035406,-1.3067061734337384,0
-3.247558624680797,-1.4070383185726636,0
-2.886489822507481,-0.43650782726086307,0
-2.545388545185673,-0.20379741380940478,0
-2.982623606652078,-0.011967832021357356,0
-3.0859794068156967,-1.5092816043587383,0
-2.804551753973598,-0.9795708186022773,0
-3.294193843420815,-1.6935264117331874,0
-2.574136801204682,0.10368655953321666,0
-2.4299891837509953,0.16464262573659058,0
-1.8514001435894112,0.21726573390186918,0
-2.500024258269416,0.10403369632892619,0
-2.5058791792599746,0.0040035842328876746,0
-2.471273757228384,-0.006300834598558164,0
-3.0305096813225556,-1.3298565209597426,0
-2.8104997045255278,-1.4506277804901564,0
-3.1957080569763403,-1.626529213125675,0
-2.426648915994661,-2.483454235578932,0
-2.965896758651305,-1.8966417038455192,0
-2.4448283320778392,-1.2978408472852851,0
-1.944283779775268,-0.3075552720537173,0
-1.908070854797979,-0.17002120952215852,0
-2.0854453430943525,-0.450456859076592,0
-2.9828638448612317,-1.170479421288182,0
-2.9806266215502295,-0.9662773802825708,0
-2.6744630402662875,-0.5424825832804612,0
-2.866884396879824,-1.3695897317868622,0
-3.2322678068835806,-1.6731815304387871,0
-3.2323441000204034,-1.5207243902384353,0
-2.247506003347588,-0.01704320309004174,0
-2.3409937287033236,0.36535816626952117,0
-2.3846955698275947,0.26175681890636504,0
-2.7773514559006944,-1.6473486810623341,0
-2.63878692655778,-1.3393353484649289,0
-2.326947501674056,-2.352331215592218,0
-3.3643947634397127,-2.1708661665691427,0
-2.0989606730469763,-1.381059144156731,0
-3.024293996091101,-1.7979166209660105,0
-2.771526908625793,-1.9434194706443595,0
-2.8523088421936387,-1.9178176095726764,0
-2.7184584202726585,-1.6365730418084243,0
-2.685646802681832,-2.799441768313709,0
-3.4317251491093335,-2.1953209733659698,0
-3.4443629061190775,-2.326741258096392,0
-2.448606294381712,0.13181195249525168,0
-2.2741124410455518,0.46955494611988363,0
-2.0908080086795335,-0.09599551094466749,0
-3.2021907848647957,-1.6689905600544954,0
-2.9416971775164704,-1.851206199982664,0
-3.216875078440189,-1.619011818014206,0
-3.2523750352808025,-1.7989895421517865,0
-3.2940718509845746,-1.746074994920518,0
-3.0914421895039568,-1.3701271236839028,0
-1.7025768500583993,-2.475395802830891,0
-2.011155203682105,-2.724907082448779,0
-2.404291640734353,-2.8986445585493215,0
-3.318549047259245,-1.801893614631753,0
-3.2623541922377806,-1.6796922345900656,0
-3.2627324621176066,-1.8539739074037271,0
-1.5332110506755752,-2.162849237035355,0
-1.3451697869454178,-1.7099963206542752,0
-1.4723818855386657,-2.0554490364450313,0
-2.58379861448229,-1.3593328654052061,0
-2.800623207802919,-1.715271789162287,0
-1.7503251575915348,-1.1945899237463378,0
-2.775945671244329,-1.7803200801478216,0
-2.257567209800356,-1.9615692416407442,0
-2.3667447762490834,-1.6223110735538016,0
-3.285785185049838,-1.5278368946953436,0
-3.1964092003279805,-1.4996630497666128,0
-3.224119486911708,-1.6075183363130126,0
-3.167778101767255,-1.5593456574746338,0
-3.2000176392594906,-1.504046479243811,0
-3.301253148255989,-1.6094059787923913,0
-2.945160191241651,-1.701018758378066,0
-2.765559794916412,-2.039213347483232,0
-2.655533021692138,-1.6430446260542486,0
-1.5436810983220188,-1.725372434142138,0
-1.3677738145084186,-1.3944640966253474,0
-0.8208211622247956,-1.7220403055198923,0
-3.2413793344475605,-1.649956253907153,0
-3.2713766771701636,-1.691168713797956,0
-3.4383144245792367,-1.8380706346268076,0
-2.4734572465791285,-0.257109599064222,0
-2.382053368618292,0.31346363030630575,0
-2.3401400755724366,0.32271695597935324,0
-3.2890853491183445,-1.5508136887434694,0
-3.281768491378913,-1.618540246402698,0
-2.0479191559100767,-1.6221864849532666,0
-2.8950013054569044,0.28209635034492103,0
-2.162394477971525,-0.25022488132562876,0
-3.0837072843198627,-0.027914959837367033,0
-3.102628215637448,-1.468492666007196,0
-3.2532045795920093,-1.7196586083954921,0
-2.894781044782243,-1.679422822836997,0
-2.7624631992633097,0.31882038855263356,0
-2.6546905337997897,0.3916978849666733,0
-3.044370802161665,0.09094988675223821,0
-1.8550909980576173,-2.1768463765586894,0
-1.7177992026717475,-2.217425354014547,0
-1.8049669014606793,-2.2192599591765556,0
-1.604801484359661,-0.06042383355004124,0
-1.9053663140782549,-0.16463148208823142,0
-2.1303887454932093,-0.6570566741043062,0
-2.3832322539072743,0.2793827015230971,0
-2.4741597270535975,0.19573596566392168,0
-2.370736601722599,0.3069837245798975,0
-3.1478218197669228,-2.130851779953806,0
-3.0466281223872973,-2.1581472163050424,0
-2.771762091407615,-1.823177782238675,0
-2.3116525084369797,-2.354499643412786,0
-2.764919211693705,-1.6117959543613207,0
-2.72715654936177,-1.560949863590021,0
-2.1964224827987127,-0.39118108013166736,0
-1.754448094660193,-0.27194836280613954,0
-2.1033119117357293,-0.1401061832264242,0
-3.4850864729157442,-1.8632929076937785,0
-3.0334215832697806,-1.6303111945007616,0
-2.787607849573024,-1.2156328018690232,0
1.281161858502181,-4.449446404949523,0
1.1495200503042453,-3.1968399570811163,0
1.5421903497197496,-4.634226218115687,0
1.5744713969099169,-4.056630326974904,0
1.6384776536597236,-5.052364825600527,0
1.4940217984265618,-3.9796796912345846,0
1.3911947848184345,-3.231825488971035,0
1.2760327731853938,-3.956585551034591,0
1.3449871596774912,-4.322443930562201,0
0.5910379557019778,-2.93960200050829,0
1.0717066936480453,-2.742540195361842,0
0.6746913706120466,-2.9897860073324845,0
2.4535742739821287,-2.2930831894876587,0
1.8110729238484347,-2.196685734257795,0
1.8878860762688294,-2.5666357703652043,0
1.3026281303680243,-4.059204768292646,0
1.964540457135905,-3.681871252663396,0
1.4070143017342218,-3.981804767593627,0
1.8136880638860406,-1.750831390910032,0
1.835027047985142,-1.6858226671698908,0
1.7932911334329737,-2.0022173302611455,0
0.4320063792016439,-3.1851774189612727,0
-0.012132543447858914,-3.167762497163987,0
0.5992637660061192,-2.9866498118346003,0
1.289866529859229,-3.9832168480095738,0
1.475508232728211,-4.416762185699637,0
1.4897666447277005,-4.0180119048655545,0
2.7367646061951936,-0.7851692449310073,0
2.2744103775968814,-0.6431629910211258,0
1.9647200916353007,-0.6363035321515639,0
2.7744228566484272,-2.1039126766098493,0
2.9647541027686355,-1.4326313580548606,0
2.5813983099642623,-2.1295096060188587,0
3.308072645981836,0.12367540754129751,0
2.792090016219639,0.8762093672327697,0
3.0866183787194537,0.21262726082605235,0
1.9223169552447372,-1.2444003857173518,0
2.9100641582310844,-1.9833246443737906,0
2.6617509684576612,-2.0750118691648787,0
1.8306529974592596,-1.7989304397298147,0
1.4539027019480752,-1.094569678402954,0
0.954606710571772,-2.342642168529084,0
1.4257197751879336,-4.0151959512243325,0
1.2676626329433316,-3.995715559640428,0
1.6038587336966297,-3.601849293502632,0
2.5867157213858603,-2.184157078560578,0
1.8948315909711813,-1.8964706917600223,0
2.2664601802204687,-1.930550774878684,0
1.7619949375796085,-1.6744238932688438,0
1.4261716905001147,-1.111142225644101,0
1.6904912841389925,-1.5056190295568588,0
1.366068940167599,-3.071608944959104,0
1.082172546771605,-2.6439952290169977,0
0.8056569122430454,-3.8176495212450834,0
0.9454122001658521,-2.667197173781442,0
0.6029202871753615,-2.704279716570004,0
0.5643362344380117,-2.499557398460977,0
1.7662323647275109,-1.5155117450136844,0
2.113912695888654,-2.2913847225702226,0
1.943383753661705,-1.9039852405219129,0
0.6488172293629121,-2.553560247718278,0
0.3357048789108557,-2.6819456032741456,0
0.9948823164785615,-3.527540515573771,0
-0.5981534578908345,-2.4717562375073774,0
0.44108355689211315,-2.9352558441100043,0
0.8452745179453941,-2.658732190900951,0
1.4517520806886492,-4.065458118160518,0
1.5114446208527157,-4.012960973813922,0
1.4820648380175867,-3.789688246455558,0
1.8552549903028253,-1.4126714828324898,0
2.0037521908685734,-1.6207356887698379,0
1.629003511892398,-1.5961001368007053,0
0.34537788906299227,-2.5780354106202665,0
0.16274402112290068,-2.3781222917981286,0
0.672809285869562,-2.4941142061890234,0
1.5121590392976054,-4.265371734946622,0
0.8369775210689993,-3.3918503312851427,0
1.2929567248376879,-3.7354572884963493,0
0.16898584922455215,-2.8506046098683178,0
0.6334905677849593,-2.6962271084843574,0
0.4513091885859792,-1.9112666555224092,0
1.689202322870856,-1.3309429063645248,0
1.5431393774782542,-1.3194831832046643,0
0.7237376749495168,-0.9957400272443846,0
1.3029200662818052,-4.192631290353718,0
1.4112640676024675,-4.497339913564748,0
1.3812305466894104,-4.282429750664337,0
3.5527261280787537,-0.5266343053188237,0
3.5167453629226464,0.026345355239336232,0
3.6447233334321596,-0.020100883793195773,0
0.6117361317050514,-3.21947616921995,0
0.719744817341658,-3.08785780521491,0
0.2802525466977457,-1.9565201319298304,0
0.3047909602166548,-3.6219714826487186,0
0.651379578307325,-2.6258368643970713,0
0.6890592886265675,-2.7315018479620434,0
0.9493743954438961,-3.090667904616256,0
1.730008914246798,-4.208759025827194,0
1.4680956886325407,-3.660894913855838,0
0.5410203782090497,-2.6791106835069636,0
0.9696539271449836,-2.898524702593409,0
0.9249085892436298,-2.698234791481633,0
1.9590209287067972,-1.7997623098911537,0
2.135319207657584,-1.761147979260836,0
1.6610300165696958,-1.8848947327784122,0
0.37113815059135413,-2.3400845221504754,0
0.9999934200235066,-2.4827657375150234,0
1.0031060152276012,-2.1053397056768297,0
-0.12540417004784946,-3.28194004595624,0
0.7495438400745146,-3.123273671444714,0
0.3374923270635588,-2.8479425341431246,0
1.4176449539140412,-3.7215189474639234,0
1.4682551118676017,-3.7239535589860027,0
1.3414111124200465,-3.565882124835759,0
2.0529132803183123,-1.8052889993153258,0
1.9122664829484541,-2.116968952734562,0
1.5994441616195716,-2.038493120520632,0
1.965418353271546,-1.5970528706930227,0
1.6582747689352673,-1.6633132660025671,0
2.2322084195922494,-2.055206534560562,0
1.8397420321907318,-1.540575330458069,0
1.4893149489469635,-1.3506022013580672,0
2.1560843595353454,-1.5498364555234807,0
2.766801247717325,-2.072862374917816,0
2.9131848530445383,-1.8555315996438646,0
2.7789379189806023,-1.5938489280011539,0
2.018091068646288,-2.253703873556439,0
1.193720740882424,-1.8606042913640166,0
1.3979072372765633,-2.8088176115586676,0
1.6353235444155771,-3.9946988629857727,0
1.5498063582706356,-4.449730154848074,0
0.1645923597668303,-4.217263394712529,0
0.5541946042616819,-2.9476446613432485,0
0.42581867536139695,-2.6230901404207856,0
0.599570680550961,-2.903904000183295,0
0.6797189647541787,-2.648223681866342,0
0.7601153921827556,-2.52861202487473,0
0.8597065511611618,-1.5277157966462829,0
2.310063272122553,-0.0951994076559224,0
1.935495507308517,0.27157230010003575,0
1.91529900998927,-0.29560041144874666,0
1.37190011244664,-4.01505950465957,0
1.2584020723965885,-4.420075209469657,0
0.8301099493328749,-3.9025013037417313,0
0.5806804953719573,-2.5967243120405086,0
-0.31531123190886234,-3.061430259881203,0
0.28816727332353675,-2.446858675089328,0
1.844708578042261,-2.026451997726914,0
1.4106176632691243,-1.4857792767915754,0
1.9887593567746031,-0.9557747644504396,0
0.7336926741154216,-3.392332238465614,0
0.7506992352433541,-3.1264988518229466,0
0.7284258900477268,-3.1382515958677586,0
0.7342139336247038,-2.8879746060887235,0
0.5552835393493666,-2.742044612771123,0
1.123614949833068,-2.704366522960551,0
1.5428572339550868,-3.9976190382607775,0
1.3780228764997022,-4.570427250604878,0
1.4406592156937512,-3.688898585481009,0
2.4221266792568676,-2.5423447950215325,0
2.274784071071908,-2.660560406520895,0
2.158484875482756,-2.3128995441210227,0
2.3292408568391867,-1.5383362633550537,0
2.02674573325991,-1.1042121960925946,0
2.2144675789554604,-0.012529436246878597,0
0.7015598281973051,-2.7208303464704704,0
0.9211282282809755,-2.5365611664681893,0
0.478954019220927,-2.9425340413591,0
1.3970296206216426,-3.977039341881084,0
0.9932668242909233,-4.742127321391504,0
1.246034495981902,-3.3347114527681763,0
1.570683179797855,-1.215023239045957,0
2.4029034704972574,-0.8852797119778021,0
1.7820379999800604,-1.3862431143824483,0
1.4597097625022348,-3.1957711445168977,0
1.5343587621753354,-3.7169183533582784,0
1.3340457807459265,-3.204179133743603,0
0.5438829511867393,-2.8412803062529397,0
0.31287338264422015,-2.0559437604321853,0
0.6104959260981774,-2.7332317689766294,0
1.013383297284463,1.4008417425846924,0
1.0660634842744858,1.1846519015822252,0
0.9324690165330578,1.3628573570612763,0
1.7153709523686036,0.661235267129165,0
1.549572624531159,-0.1100800813200936,0
1.3497399252550697,0.8482658867968695,0
1.4339059222400792,1.2485895926046864,0
1.354223605195989,0.9931480080141992,0
2.076324078736788,1.1143498721460685,0
1.0028484268927542,1.332375628158662,0
1.463420852568508,1.4690284931549256,0
1.3551109344823593,1.6246793753728193,0
1.6201758003054767,1.3893125484699616,0
1.3439417646910157,1.3644604632315096,0
1.0661346380972496,1.2114803750082452,0
1.1355491958646462,1.4900013477018699,0
0.8069495556297326,1.339248012846223,0
0.7876265145453131,0.9172413915385176,0
0.9106636569311188,1.4334992222116572,0
0.9408203212947439,1.4778414007823537,0
1.3347680367866301,1.1265510172459616,0
0.6652101886039657,0.7315208856176296,0
1.2184269380821766,0.445332558471677,0
1.48567926253026,0.5942420915611557,0
0.9858216374187176,1.473842217590453,0
1.264570232540561,1.5481836630510104,0
0.7569365514294437,1.2731517758880164,0
1.176469089666384,1.4044131059835179,0
1.0240607124831602,1.870390010999289,0
1.2410292045775586,1.438595399804953,0
1.0215554370830022,1.4849574008397266,0
1.2940687349833762,1.8214349161871293,0
1.6695045395962462,0.5077990674889027,0
0.8147558845654022,1.3403932734827033,0
1.197366877451217,1.2870119656860022,0
1.424382857327407,0.7457669940662797,0
1.7332951354758033,1.1942364501083271,0
1.5185504369067038,1.10573626963924,0
1.5644042178984532,1.1229762472256481,0
1.4049137394337594,1.3417794140641066,0
1.0507080231605421,1.191204413456872,0
1.090438835239527,1.6238665833124952,0
2.510900917058661,-1.6718845915127971,0
2.2411582898649827,-1.5896255599263172,0
2.578252533152165,-1.5489559980046557,0
0.9739453316883453,0.8502168338859829,0
0.7973231560671831,1.2546504423597464,0
1.018722247529399,1.7708871980888734,0
1.00612903661845,1.4833341643801898,0
0.9148083303773972,1.4442613913685753,0
1.033484341332243,1.1493098457853375,0
0.46473579453814856,1.2139964491005721,0
0.7981590678892403,1.236086328771981,0
0.4722184665147888,1.290354803030454,0
0.7394738682131702,0.919411441128383,0
0.7974124281188851,0.7255555314849093,0
0.6581758150904,0.417213366338554,0
1.7112596752705693,1.325970305012912,0
1.830349561822375,0.737034291280669,0
1.5243879410938121,0.933456419033954,0
1.1520404633182122,0.9864888000475557,0
1.2008943221677961,1.5652056851908445,0
1.4102928095938863,1.6208850945159277,0
1.5983052866742624,1.1644811243417794,0
1.1576836954606915,1.0780098678718566,0
0.9390484531528606,1.635459800293491,0
2.238980588968578,-1.083106097197296,0
2.2640041575455805,-0.4142722521217086,0
2.124862317374461,-1.5724740563407418,0
1.7366891218735612,0.35027791920664636,0
1.4514295684466147,0.19263744682789924,0
1.8405494960059179,0.6630759124057561,0
1.0150939183209524,1.341925957822593,0
1.2884832432356366,1.3322858812954674,0
1.3011046993383233,1.78064306887736,0
1.4983593450268649,0.611124388408684,0
1.6668070472727141,0.9147649609990112,0
1.5654217108105866,0.9136811354898843,0
1.2777694904220054,1.6311750067794604,0
0.5631719393978497,1.43085752446544,0
0.6536184426757946,0.7229610541535889,0
1.3833361239349498,1.2896335524786018,0
0.7090721080057321,1.11403823719448,0
0.7365223667940964,1.1195864499116208,0
0.7718586627663109,1.460934895957518,0
0.8048724085036482,1.3832673747619217,0
0.4191855038007376,1.0172947517271027,0
1.2133100385578026,0.4186390145900622,0
1.5641269240568894,0.275107128804018,0
2.0502348482857378,0.5517797483294805,0
1.2993505814143693,1.3246959083177694,0
1.112976443961181,1.2352082141906435,0
1.5890492239531568,1.0950893446743923,0
1.5773756160915038,1.1502774163231488,0
1.5718663026252786,1.0699120288505293,0
1.6907682870591811,1.0274771766910586,0
1.742603120129401,0.9942109965558978,0
1.6764758471998327,0.9289146006748511,0
1.6074734055410216,0.38031119184187606,0
1.370629784986157,0.9049710539822571,0
1.1470253747072399,1.7261484615720182,0
1.1155399437793339,0.5086851473244742,0
1.2999524464265018,0.6896123465967654,0
1.3115930825441753,0.5460991882571565,0
0.1995140878686104,0.3652334183729468,0
1.3941107456540436,1.3686709544264977,0
0.9014540799435768,1.2410527653176129,0
0.9972242486775508,1.435073675856198,0
0.7276922599521812,1.1906821953064965,0
1.2671701027412416,0.867219301199888,0
0.6117656923633724,0.8282045725306462,0
0.45872924211267324,-0.2474308759165591,0
0.8915942475226311,0.000258760528566224,0
-0.043361878340407084,0.24499074595769957,0
1.9411570576904928,0.7526691959739762,0
1.6150231131252069,0.658737326402483,0
1.6356341216119064,0.6860033810334752,0
0.5147633003287203,1.0648825199208651,0
0.9472007251271206,1.3355362086860483,0
0.17065294135598574,1.226192956755854,0
0.4109910859464286,1.4389721430063258,0
1.2012398466020757,1.178311407747355,0
0.40456078929303246,0.7188311522348071,0
0.8365500693002415,0.940270905658895,0
0.6409955630636172,1.1323043050154984,0
0.6683251903036639,0.7207255900457123,0
1.3188553458145773,0.8487905187466158,0
1.8011000895170255,1.0563998726734372,0
1.4925118249867793,1.2361051674674266,0
0.945676636623412,1.4486128277961978,0
1.1796080971231813,0.9605822631496784,0
0.8187962302360968,1.1442034665386172,0
0.8916553846046607,1.286585924813044,0
1.2438628481066563,1.4309169487960594,0
1.077765130240724,1.4609316947409445,0
1.5091365970598352,1.6383769663694439,0
1.2691518336102716,1.3744773423515773,0
1.1965602865396967,1.3773744793220353,0
1.0142029965487298,0.6749658391971098,0
1.517922364377226,0.7873456490052061,0
1.1521965450954887,0.2343732749728746,0
0.7315245415562605,0.6034137242326097,0
0.9016400998281959,0.4498977143976638,0
1.064751966544221,0.36422216546477576,0
1.7582676787934675,1.0593638257513955,0
1.1268383068695613,0.893749430446652,0
0.917258799213703,1.0512565023478926,0
1.1333857611746114,0.48592747461406716,0
1.5443723855756277,0.0011731231661840924,0
1.1780940141455751,0.7647093042544983,0
0.13946239059122037,0.18963052069668795,0
1.0446799030585427,1.7528404619916929,0
0.6387211972900716,0.8596337797791068,0
0.9157817077145116,0.8954681676005362,0
1.5505917097806834,0.8562694543597382,0
1.6541626324086889,1.3369665398661426,0
1.310509038882716,1.5296761500386393,0
0.9710193143047545,0.46262517105719153,0
1.0833914461632124,1.5320160662658744,0
0.9844554713763665,1.290476160937294,0
1.229414633562588,1.492366411116739,0
0.980985738274655,1.5318379109596951,0
2.0191454671741553,0.9726783373388622,0
2.5661641519979277,0.8104522170656085,0
2.5731979494408783,0.6605430019464086,0
1.69411404432829,0.8117893526869353,0
1.4622456208076327,0.4211456702143884,0
1.6119033791619777,0.8346946063151183,0
0.399266328758047,1.4173381700038583,0
0.039431531476637,0.9360202039468616,0
0.5071571469537064,1.33424009955618,0
1.4131217214854863,0.9067892384950816,0
1.8543957948544147,1.3000626483858762,0
2.189848931149945,0.8324259069209639,0
1.196217125807003,1.4124916361654538,0
1.5958090776042047,1.563143929729148,0
1.5185113120082596,1.3448464745377637,0
1.0303401623957886,1.4761243391365308,0
1.8693525194036227,1.3212578556625227,0
1.357487035551596,1.3391845923652128,0
0.4760514144712626,-0.13049496496724944,0
0.3727626015553979,-0.33174356075014144,0
0.4387179103307387,-0.2547647761835897,0
0.015121616843222234,-0.129494215183981,0
0.10246824263328526,-0.2597288008059103,0
-0.6006107269482468,-0.15245765612371312,0
0.44350349128564626,-1.2794277391910343,0
0.016278519261191015,-0.8141407334184915,0
0.26835096853216933,-0.9536819494042602,0
-0.07901721281356432,-0.9185709859129859,0
0.621084681204734,-1.5471148698252037,0
-0.4424044091432312,-0.3523579532269291,0
0.5704231831467659,-0.8534023517928379,0
0.6674204743125135,-0.5354625236707017,0
0.4073960180638438,-0.546214418028509,0
-0.5518176073610495,-0.014831168126158024,0
0.21176576688315976,-0.1550467960445655,0
-0.11265657546021961,-0.2668859443842352,0
0.2314424457018662,-0.4313093789829912,0
0.15550830260111675,-0.4829243359559119,0
0.45214067676019226,-1.1499109220321615,0
-0.5949221614536295,-0.8315828993041192,0
0.05177115204691479,-0.30349168743659966,0
0.32398598696268505,-0.7015893918999997,0
0.522397287883623,-0.10638679869492665,0
0.16249528813863903,-0.4535789956124879,0
0.41002708985910596,0.01746650457031452,0
-0.20460054062485408,-1.3139450928800558,0
0.0371326375733962,-0.9306492087392743,0
0.4809908772301477,-1.1496566889694373,0
-1.3435162009881714,-1.2421975793649875,0
-0.14074189701945353,-0.4471124608265006,0
-0.040166456193442404,-0.6637690093626669,0
0.6119951462600898,0.485544553225275,0
-0.43910938003902406,-0.8998488717856273,0
0.23181025017860155,-0.18499678949554335,0
1.325884361842502,-0.5430822730400561,0
0.7515128077946529,-0.5861697932043747,0
0.02659482935468364,-0.35124586536970687,0
0.8912528732124834,-0.1701879023537824,0
0.8515548628645904,-0.2078946802538375,0
0.5532846840923861,-1.559572707616698,0
0.9786972547135935,-0.3262295994112631,0
0.34796677587074243,-1.0240159825416384,0
-0.46019211161835594,-0.4339853600299775,0
0.5998909913923858,-1.1731602889902617,0
0.40636554116716883,-1.3095870465378008,0
-0.013263325920225765,-0.8888898284609499,0
0.2793746537170432,-0.6823341369120793,0
0.05314429167360978,-0.5297392915787051,0
-0.012751571199747794,-0.43675751967264764,0
0.5661541461707306,-0.7341707673390665,0
0.3911538317022494,-0.49462508538467964,0
0.5561332765818592,-0.8593996170166565,0
0.3536283925566655,-0.5133869169146164,0
-0.057338114023794635,-0.4458899296480135,0
-0.899936841331936,0.09213959948382335,0
0.48346550274191924,-0.8455999840370525,0
0.24462465519942703,-0.16186965735100886,0
0.3068259464989762,-0.8905101618413891,0
0.4503943233633089,-0.833341864094999,0
0.32860455488397067,-0.7711056619035558,0
0.5644445147155274,-0.8550793033131693,0
0.27307798898143093,-1.0840447549435184,0
0.0777338288590173,-1.2638218610380083,0
0.014248583517601738,-0.3726728595615634,0
-0.08259051049878365,-0.6195817304280633,0
0.4979806261214952,-0.830382853726897,0
0.4013799783507236,-0.6020579348774371,0
0.42475697309130295,-0.15637933206548596,0
0.38316682528724016,-0.07391125553041528,0
0.41130756025331694,-0.28227509185375144,0
0.22315801828463658,-0.41332937222418265,0
0.25217508206262906,-0.8360524960528921,0
1.089953947464825,-1.2271014250599093,0
0.7565135602762896,-1.1725695401890646,0
0.3978119630932076,-0.7597035950441727,0
0.29074072303973136,-0.623906524812342,0
0.17193144158304982,-0.975478946611621,0
0.6451959531264526,-1.3609863383573657,0
0.5682597942159785,-0.8136337683755536,0
0.9497109587922182,-0.1760024974307013,0
0.33162835308717037,-0.45621126572786996,0
1.6663436518893116,-0.43030494638870614,0
-0.18531203574341307,-0.3034314415305997,0
-0.19993962813275698,-0.26567415713031645,0
-0.08043253851569766,-0.1772863669968451,0
0.39906438947782596,-1.0704336262968521,0
0.020095322347171925,-0.814954619827885,0
-1.1692529712275939,-0.6723975901873199,0
0.8695688111933383,-0.7303913561204168,0
1.4550609891315889,-0.8552972855389619,0
0.15593892150291497,-0.26437750704729657,0
-0.4538520867929743,-0.457541092303428,0
-0.5906760315477791,-0.46892807530903713,0
0.01028410497174915,-0.31601169885451424,0
0.3431866408854177,-0.857304443886617,0
0.4187454773357159,-0.5755419367030118,0
1.704580201581621,-1.2322273715773422,0
0.02869580083263917,-0.3913628204201162,0
0.18444364338165398,-0.5784839009635703,0
-0.3971187165975953,-0.9568766520434254,0
0.12263282369950282,-0.43378818558503573,0
0.3183501922563278,-0.6608644834637336,0
0.5854534426541994,0.13626114406204784,0
0.20628267439907835,-0.8299011891068749,0
-0.9504357929122143,-0.8398317805332247,0
0.43534120518239344,-0.7569281393356931,0
0.3893643162611076,0.12432342201280613,0
0.014334141490200656,-0.27561945600312043,0
-0.3290368882194866,-1.2268054212139803,0
0.5627317243151164,-0.5378484668988984,0
1.3260319422925264,-1.738588101118011,0
-0.1894812473037137,-0.7048286053670337,0
-0.0429156701147973,-0.3754565578593954,0
0.4043121407555339,-0.5707890332485345,0
0.07217664314196663,-0.4939350193464502,0
0.2318949389192222,0.06364937883848971,0
0.33836603052739544,-0.37246954713475156,0
0.5245089677955647,-0.37162782801083033,0
0.3252219352180261,-0.45348605779505224,0
0.4975862926090229,-0.15973201567216969,0
-0.3070786127174955,-0.8527233122389859,0
0.3265460415094671,-0.569826540925248,0
0.27063755116241317,-0.904164930087283,0
0.2752077743390697,0.05370192617074965,0
0.6304742136708973,-0.05410062501432768,0
0.5314576820377374,-0.2345225156485986,0
0.5138003657973105,-0.45716936415785264,0
0.1054941929068038,-0.6042916863808173,0
0.3777395499769692,-0.004722848283529542,0
0.9794631748515249,-0.5370285086678882,0
0.3312795121972552,-0.36297447477293393,0
0.367031021753961,-2.223490967198943,0
0.35372873422810563,-0.14968180590408578,0
-0.26621014898905476,-0.14746390487717098,0
-0.24347260841281598,-0.4611680358371166,0
-0.08471999010705535,-0.6748367060585805,0
0.3808564261405284,-0.5446982095950836,0
0.24865269702928958,-0.7289026435926692,0
0.41816769871089476,-0.7090002714599992,0
-0.31881659413810787,-0.6513429322431016,0
0.4857827009751868,-0.843766274691063,0
0.3050207381448516,-0.7672059563259951,0
-0.11632449730543995,-1.0655344504938036,0
0.27776718239432074,-0.8953865333393198,0
0.3586240226350053,-0.34379668027808974,0
1.6031965804611559,-0.5185398642132365,0
1.5957794521371713,0.02872810834716281,0
1.4145772576085078,0.4088209669970019,0
-0.20643534674433567,-0.647878975305423,0
0.16181606840117138,-0.29371847483876223,0
-0.01987723003485219,-0.5026530794421871,0
-0.3810584429283059,-0.9609711394682692,0
0.5385177238181181,-1.021900445167181,0
-0.0884315734587729,-1.161625312842698,0
0.9047872557794833,-1.5494960489518486,0
0.7252209653070164,-1.4567784215771948,0
0.46108792581354074,-0.9933718547863682,0
0.2534128739971401,-0.1548916657947861,0
-0.3416000563519129,-0.3739589064172543,0
0.24542345006887273,-0.030536469669934046,0
-0.00926724531197091,-0.2420419973413574,0
-0.9291592726089292,-0.359014251017043,0
-0.34622271682803124,-0.430533324821901,0
-0.1410861190355328,-0.8083378126046474,0
-0.21528303541038488,-0.9451213545324391,0
-0.11472673398187341,-1.0823537917690864,0
0.6948755472332221,-0.4318911308180618,0
0.27716614403423606,-0.3056241795312748,0
0.4743659430993964,-1.1937818104413285,0
0.8570237363493098,-0.08906722576636751,0
0.1234308430388532,-0.28766413457937,0
0.038346242514273536,-0.14937103401225504,0
0.49417457047229385,-0.47597955112070195,0
0.6112358305460817,0.3256904211966461,0
-0.10044651654250909,-0.028599620719204837,0
0.31343084474601873,-0.30683808585414185,0
0.4795197538477112,-0.9223062239013522,0
0.345030645444521,-0.716670594068651,0
-2.237481546853488,-0.2226357069204417,0
-1.8826339951119655,-0.26190780235239247,0
-2.3404446795060614,-0.3780557293242517,0
-1.0045046840599658,0.5070606870964878,0
-0.15586538490450724,0.30555043538737553,0
-0.20478581307334331,0.33124618631491937,0
-2.4481219611247234,-0.4752353295311711,0
-1.977439998061277,-0.46141710448898404,0
-2.4429889138915892,-0.6031534710556881,0
1.819450121651585,1.1984866678556065,0
0.47049116692407633,0.3819466338312255,0
-0.45897958185145415,0.7123995127340165,0
-0.12959395420915704,0.4293033033193331,0
0.866014256715447,0.733449899950025,0
0.02597742118599106,0.4780020656674059,0
0.4954891544378603,0.6786900072263182,0
0.06203215987447314,0.6410366655335795,0
0.1509898527992134,0.5471003248981233,0
0.15445440681361056,0.5981574153531917,0
-0.9893487378274148,0.7505306164551053,0
0.1526746350350663,0.011056167376731995,0
-0.9583404958967173,0.34839090385491844,0
-1.6432595462530564,0.43761764147314014,0
-0.40475066432865153,0.12369764725723512,0
-2.26215893574537,-0.5619211185843344,0
-1.5616856866192994,-0.20316813183062143,0
-2.141880313107721,-0.5834049308214285,0
0.7728698033880748,0.979838404179972,0
0.27915491904598355,0.6548756717458829,0
-0.2020860940427995,0.1796077355080506,0
-0.37935614158845765,0.7691813445407357,0
0.40080531405145575,-0.7542323197512121,0
0.24374752197670213,0.020347956137073426,0
-0.11984552668553201,0.4536827903649822,0
-0.33633499810944006,0.5548847364409523,0
-0.3041365862502907,0.49072949534027194,0
-2.0278429340560686,-0.9563144724828564,0
-2.0937811955229564,-0.2552835002519452,0
-2.186917930284162,-0.6723083530071294,0
-1.2372730869495256,1.3544867400262846,0
-1.2545971231790112,0.9429869114308521,0
-1.2306531788303354,0.6995435746390504,0
0.3550242823547325,0.5539091354466744,0
0.3959128348336039,0.5570753779153572,0
1.0357425622901706,0.09067267793913963,0
-2.193572706013804,-0.2965295386261304,0
-1.9851311190519232,0.09432748112962135,0
-2.500311246597432,-0.7455504302693216,0
-0.5505696994819618,0.17951207141795672,0
0.06360330855552883,0.8083848072559883,0
-0.017994267345133534,0.2943264663152073,0
-0.46180400661295873,0.42577097837225386,0
-1.015442957505727,0.23749695867650247,0
-0.49333337039321434,-0.7197613665871548,0
-0.4613084051670639,0.5099746738194197,0
-0.7152977788274244,0.4000225238083826,0
-1.0525113758726967,-0.13975712861199002,0
1.3692200942036021,0.23289176289866953,0
1.3098823694974824,0.2883045235822064,0
0.8303507569073757,0.6015307809114012,0
0.3238943104090923,0.05956293753934536,0
0.8740188982722716,0.435500639781406,0
0.0847726870750007,0.44884733497616414,0
0.07448442289984498,0.36550234707625767,0
0.15243817994729134,-0.0737397307197114,0
0.017618275886752147,0.2748961906859986,0
0.16081271417693005,0.7412138565118843,0
-0.5785258172426199,0.5319532004411082,0
0.4759170093565129,0.01855130257538454,0
3.148550762542095,-1.4124113843248358,0
3.275512847896854,-1.5074534921694471,0
3.8519647871229035,-0.33879336638230445,0
0.5922877746135882,0.12511545761155846,0
1.2547006107760872,0.45375389708970176,0
0.6270110239371838,-0.3408918795589534,0
-2.1975842640855396,-0.1310462418537347,0
-1.9455054450084264,-0.1162257243916382,0
-1.5026849118523953,0.020963208907236228,0
-0.716875195538978,0.4617654314226099,0
-0.013217296014969192,0.36992835900164395,0
0.22472679471168383,0.7499472342769766,0
-1.9364796409110823,-0.5836117945419791,0
-2.030406228009156,-1.2981191784252086,0
-1.3557222107739766,-0.4684405120361628,0
1.421985092125214,-0.27953307870922306,0
-0.09712467838413194,0.2098010889611364,0
-0.0861608576412625,0.25356737703964916,0
-0.22968135788437383,0.24492780412211473,0
-1.1954736613109243,0.40496063357654566,0
-0.08857699682038894,0.5743176712737107,0
0.06347100162037299,0.5201296997556472,0
0.8630859222700453,0.10173882137850246,0
0.9868159010793889,0.621874925373864,0
2.9496203489625112,-0.9094845019131933,0
2.4868301002683233,-0.5319223153452081,0
3.1457177902078355,-0.9534313395522538,0
-2.3448612142610705,-0.48616127340344134,0
-2.4276955909385247,-0.4884164514955402,0
-2.2225386292641085,-0.6516451218120012,0
-0.036218349670872875,0.18860619212541768,0
0.47023224505291844,0.007096455369256227,0
0.9523498544049731,0.2612237005830061,0
1.4007849938720194,0.1364131177078835,0
1.184609597386889,0.4205543851054805,0
1.0927352487844098,0.3628480721406077,0
1.3791637477049308,0.5459315714642488,0
1.6523309619906466,0.5124300833307571,0
1.1025102012969565,-0.6141520762998091,0
0.14487358167242928,0.41528613379847934,0
0.14030777244013304,0.3305293615755702,0
0.22246048593169454,0.2995908163560419,0
-2.5592688068678218,-0.4837862153403864,0
-2.27582864328881,-0.9384356191263951,0
-2.663165319153773,-0.3889405807679157,0
1.0774924158806498,0.5234925782336072,0
0.8799723056005945,0.10909473759798312,0
0.9556015570788631,0.3900706623110682,0
-1.1586610404246402,0.462724517041198,0
-0.032735919506081915,0.28098385207252796,0
0.3412606140899202,0.3114177734129317,0
0.7473201751382101,0.4962130678367164,0
0.0018981446604116367,-0.02208573933740093,0
0.41382779674168013,0.6575162489066028,0
-2.3565446637482395,-0.5265798667496777,0
-1.8814209565405007,-0.29731204255945426,0
-2.3019544437030866,-0.42185871826354776,0
-1.68088648668984,-0.22504367227766087,0
-2.411992915727121,-0.4941999122536953,0
-0.9130428814961636,0.03231581796345758,0
-2.0856061538232,-0.8736138862324144,0
-2.5598199645242206,-0.48107731400853554,0
-2.5718745624739445,-0.7454991491054083,0
-2.628849221207235,-0.8439321676856194,0
-2.692080444271275,-0.5765912368246562,0
-2.083162886025472,-1.2572080936962615,0
3.153360367521539,-1.4529080143863713,0
2.9191017136813655,-1.2619448237479458,0
3.080411551042381,-2.3071113759157145,0
-0.15673389864381132,0.5449360488626732,0
0.25495278312040875,0.6274838980057311,0
0.3750625033358767,0.6003668660119607,0
1.9418257963510985,1.4715010638248853,0
1.3826489854397763,0.6274070684426082,0
1.2837702319501312,0.6324305814713167,0
0.20808033361449296,0.6700148438874399,0
0.8837712086858484,0.5091183913543458,0
0.5926125767840098,0.80397393033692,0
0.1609052348026576,0.3307156596913068,0
0.21681043248262571,0.2105044649306459,0
0.21287165341337302,0.4916423581895508,0
2.7218829905303834,-1.691247494839426,0
2.136737437694236,-1.4584186120350038,0
2.6061614436998846,-1.7569609275057623,0
-1.5836940254745044,0.4607473792818275,0
-0.5227562529985771,0.43869177069965654,0
-1.129011589589478,-0.5448242996722447,0
0.9792610665279092,0.423466943791326,0
0.8493375766686644,0.33159431882510154,0
1.187309268564112,0.42623297765977997,0
-1.895037393432262,0.08514849404539622,0
-1.8350781337492148,0.35524119831825623,0
-0.8541347888262807,0.5794521492239341,0
0.02552006270401421,0.29686574979631636,0
-0.10251338207604208,0.25422979985466676,0
-0.171354302954857,0.6251821962334769,0
-0.17884748743611123,-0.19059959906808027,0
0.8097622194143453,-0.11914828134164004,0
-0.41049618170098656,0.5386995561792235,0
-1.4012113843415168,0.2021704585290595,0
-1.5288127684345156,0.27149398823861354,0
-1.5543905652585417,0.3068758014098481,0
-1.1136923592504446,0.7388555834605325,0
-1.8734723849369912,0.3068233417165093,0
-0.8845789276300048,0.8837014409251386,0
-2.33816192683269,-0.4911383777507412,0
-2.590503413682339,-0.5593439631494929,0
-2.641767040655459,-0.5769464357772085,0
-0.8120260866813307,-0.11547307457593681,0
-1.6014907613549247,0.3069701277427387,0
-1.4403056421299403,0.8717868896222016,0
0.7929799477746193,0.34878300171140914,0
0.817000881126108,0.22590417960240627,0
0.8200791267464806,0.3253271527006457,0
1.2016258460834799,0.6817844566985483,0
-0.057977737911398125,0.10632717769493517,0
-0.129542159840863,0.20891433198481738,0
0.13811140008673073,0.4066198564429284,0
-0.2622684734539741,0.31538695333449196,0
0.37146216617808114,0.45742863459035155,0
-0.023927969290095878,0.1467098599808811,0
0.4707072213595406,0.6905845078141182,0
-0.2114941431837135,0.15629867569193734,0
-2.603720451891707,-0.5649206081300541,0
-2.185330850959409,-0.1922681254065546,0
-2.5570556318124944,-0.6954143492948246,0
0.7282547784617147,0.31684419026849825,0
0.6436740650083113,1.1598127134505685,0
1.2667355512560792,0.6666306130713371,0
0.9089331377261368,0.06509224673406555,0
0.23753211480632466,0.6403976014234843,0
0.6141648846033833,0.41667166256789223,0
-0.012214095640311083,0.7830628147950057,0
-0.04291442025709388,0.9740796062416646,0
-0.7020257690306955,0.4254653215442361,0
0.33883562028006076,1.1466317400746868,0
0.936879237040759,0.45460284133253714,0
0.49912581370790254,0.7197821282462973,0
0.25800503670371583,0.5837509826525316,0
0.4347934548572202,0.35171964238643916,0
0.3894467224921203,0.8894238495915743,0
2.8119921555303566,-0.8754353163496261,0
2.8362270148879554,-0.4955991515718315,0
2.8485477685847864,-0.6975440248337169,0
0.2424490384378487,0.4390749420451555,0
0.7461992186107449,0.3488824856811159,0
0.6128011058726738,0.605768610305054,0
0.7610693172307246,0.949905051487604,0
0.17618146243227398,0.7913619567809642,0
0.16811290936299284,0.8113470595382967,0
0.329035322413433,1.0686364673490756,0
0.04380270945096022,0.6670231868640357,0
-0.5414073626708648,0.5862395038581356,0
0.9802781434697745,-0.17323768042839172,0
0.4338423722642804,0.6892924435275036,0
-0.47528714662541854,1.2047388316028822,0
-0.20027400710700596,0.847705637175328,0
-0.36892969922909796,0.9219860293968547,0
0.20937707369971176,0.700441813294811,0
0.07182316630553849,0.6617518031969774,0
0.9118308743633656,1.012166358044924,0
0.16800972155241561,0.9983243739067212,0
0.3346962447350246,0.4052075780577706,0
0.2321654029368158,0.40195989938056326,0
0.12208431711036863,0.23730252235815302,0
0.6729921904954775,0.8177035130657558,0
0.27219319840727496,0.36086409646020184,0
0.32301977580861335,0.4778562665777887,0
0.35415532636416586,0.30690348488499347,0
0.018316430582713417,0.49421906340869903,0
1.4333145262233553,-0.845300109625276,0
0.1266079757952567,0.7687588933716226,0
-0.06932465113040674,0.6121354765772459,0
0.5062985647730794,0.3764546303040451,0
0.6162105524935901,0.44221507177934316,0
0.23257180083292606,0.9838917546680004,0
-0.21371272066579186,-0.06996959312286188,0
-0.07910402415329977,0.9537792939102901,0
-0.008806329545851031,0.7514558174229885,0
-0.2682785100489749,0.24580902307138047,0
-0.5484481382127077,0.016762440864810584,0
0.12066765424840019,0.6304443967990337,0
-0.1805576711501917,0.7009271540231771,0
0.3801125554344504,0.8386632897181514,0
-0.9696315869250606,0.35899542719355465,0
-0.23955438819691302,0.715624758877313,0
-0.04987748092926576,0.6694328198172201,0
-0.15234049367925565,0.6393873231763507,0
0.5742280254580144,0.8885671765055525,0
-0.025969740129639457,0.6217963621588851,0
0.020122457449332477,0.66650276780415,0
0.23125319575204542,0.5559303130433245,0
1.683166442078211,-0.32721493836103,0
0.5856667880974367,0.6057392131168536,0
0.40159322140472603,0.5878820193213589,0
-0.339302699979134,0.7065875655504468,0
-0.1912672754044057,1.0116172133097845,0
0.4988287398568416,0.7582815698758828,0
0.22458150454553322,1.1532766752584553,0
0.9209615051109175,0.7839971543533072,0
0.4553890445832726,0.8589170145753959,0
-0.08482864520664533,0.6709947019742851,0
0.6481449515820233,1.2789564906121358,0
0.23507669843991952,0.6992044651446767,0
0.41038667738724705,0.3580619955791342,0
0.23652524072120404,0.5660457150464326,0
0.6690959224622538,0.4857422643223961,0
1.4019479657742664,0.9326118075091505,0
0.6623304194068783,0.5774544773555477,0
0.31317335982757566,0.32771164046197643,0
0.40079139898412197,0.6799496861068964,0
0.33320380291169877,0.4272287615957191,0
0.4328188656852511,0.5389648053528041,0
-0.5117048474879523,0.8475082972616315,0
0.43648373397807533,0.6806216098341324,0
-0.512865611950212,-0.26696805064354656,0
0.4544629283657533,0.49267438231323685,0
0.0288572693995279,0.6202917557247648,0
0.34432635864082695,0.4508356010516991,0
-0.7147202049042999,-0.09676511174737794,0
-0.08765737854627312,0.614912230408497,0
0.5141768150661874,0.7152883850975911,0
0.6338585614334336,0.21129337259435807,0
-0.04145612130067884,1.116771145587209,0
0.16110249150925463,-0.2178776579733309,0
-0.026791120203212906,0.511306508838275,0
0.2781729688550257,0.3129934778487394,0
0.33837071484100867,0.25631243579507634,0
0.5249786368371365,1.1180093805534759,0
0.6390422862531778,1.246700813476988,0
0.03841692573554347,0.2813235669057882,0
1.0457775385677088,0.13347615797574375,0
0.7743430683048167,0.741259700427647,0
0.3194820960359048,0.47891843515308435,0
-0.10115932547383355,0.9795221313527649,0
-0.21455821730893512,0.7233075325178647,0
0.009605792820046418,0.4996732729854196,0
0.39094238496467487,0.5556490050828728,0
0.8253318922762961,-0.04221395122015793,0
0.19313808351145514,-0.12307065922600624,0
-0.17108732720622233,0.39405006197018744,0
0.2333684253118301,0.6763614382111902,0
0.2015665496654708,0.3627279027624755,0
2.8693530057285033,-1.6434602578809032,0
2.669373434716204,-1.1402146886573827,0
2.823959213671326,-1.1760583547725412,0
-0.1486615816868706,-0.1811792040706447,0
0.13745845621157915,0.5596916183625295,0
0.09512159048667948,0.7127338681322632,0
-0.2494463581596552,0.8651890083065127,0
-0.5681038316243304,0.713204339504045,0
-0.12246931306734603,0.7972697943395084,0
0.8102399397334045,0.5210050204388793,0
0.38612541544096346,0.28238688041548715,0
0.6590510033901006,0.27548882845646955,0
0.8549816583019694,1.2457905987056994,0
0.20549882029391356,0.6484798396302385,0
0.3479298322609993,-0.3182810536823063,0
-0.2706283578428029,0.732403297113543,0
0.313897221202994,0.7639411448348992,0
0.18064626428988292,0.0631869845258556,0
-0.42371707419024573,0.4988479567520502,0
-0.25426255578322626,0.9568820347647158,0
-0.07349307703624107,0.8407505710196178,0
0.2218889962010549,0.7317084049095457,0
0.2981057431776366,0.8598339587243052,0
0.4667849490043197,0.794370064920621,0
0.5149320905705974,0.6991596514204087,0
0.4495222498130901,0.2860146542083907,0
0.02424306726313886,0.6404965477308856,0
0.1399448518572799,0.4591901824854346,0
0.2417494076593923,0.5058498709393102,0
0.2689463933210437,0.8831581043669389,0
0.07473218687814148,0.7599339927508074,0
-0.5022174203882688,0.6442365974839201,0
0.01434339451381977,0.6777563125316124,0
0.26383386326751984,0.7167737990128268,0
-0.48100994072000863,0.7022899819540549,0
0.033503323112323534,0.935355814848719,0
0.46604526832995474,0.8800030950410832,0
0.17145852653571408,0.49719443713408246,0
0.6484203377707822,0.7804222783850724,0
0.3363264912790801,0.5408826714037992,0
0.7622111052293581,0.8013108643431728,0
-0.33751424258157403,0.9370273922722839,0
0.19290761220690528,0.5902654273590088,0
0.2593902649925007,0.26167537592912543,0
-0.31777779104865195,0.22974093468491885,0
-0.5860396411197283,0.9386453499418603,0
-0.0898426781650766,0.33832906013290814,0
0.3342627906341424,0.4337817167684301,0
0.13494316007248022,0.9591764664965531,0
0.14339049438130191,0.7280106411958249,0
-0.2184570574217688,1.0180498487447602,0
0.1653738512275403,0.7922398895928406,0
0.21711276323936032,0.6659386451160753,0
0.05807657172743335,0.7297926276089043,0
0.6978205438311494,0.735569375554638,0
-0.22739877942758444,1.0061260586647396,0
-0.10619928858051068,0.8856812580655463,0
-0.17461007203462003,0.9075488382270964,0
-0.09032466911565443,0.41850280128692086,0
-0.5550677361596454,0.21044540739050674,0
-0.18221919655116878,-0.03317499280913863,0
0.42472867452696156,0.3021641264294343,0
0.3733839641653895,0.5909666559898815,0
-0.18111272061262315,0.6457759376615065,0
0.06598952965800775,0.8594032643663007,0
-0.07890792796002284,0.10050839899927094,0
0.842618352845701,-0.00034240760009839673,0
0.8715027484517078,0.11156563752131894,0
0.7196685429255782,-0.04902890525530042,0
0.8548573080046065,1.0198195684207936,0
0.9844032872585825,1.17253148548697,0
0.6256026705563896,1.032036508279609,0
2.082211849843568,0.9736031034288533,0
1.8232718652653017,0.6490216258927407,0
2.2101690212544898,0.993881799274715,0
-0.9766426634803436,0.15779435200217243,0
-1.0602375936953434,-0.1330372298716913,0
-1.252421721787113,0.11940036365760126,0
-1.2759485141736857,0.21150240974200904,0
-1.4624514738061063,0.049395362532454815,0
-1.6988696547458444,-0.05322061379491966,0
-2.0183594301332937,-0.8090634441675799,0
-2.187461670574684,-0.8296865423000368,0
-2.1325629612512302,-0.7759583122508843,0
-2.4157578541623104,0.3481261027749635,0
-2.7429784444993652,-0.26566234259168753,0
-2.6616498774302126,0.06777450783972411,0
2.748182350935981,-0.2974640563002454,0
2.7620644441359032,-0.3938192145853859,0
2.7099099614658093,-0.25051472630932664,0
2.2004650763089417,-0.9946711183270416,0
2.202305246180144,-1.1979030825427952,0
2.2054610919269715,-0.9232801314731904,0
1.2046557870810783,1.1666067585301256,0
0.8103639988931195,0.28971190520297646,0
1.1750608828203104,0.8769533851749289,0
-3.058595417183718,-0.6116890055342201,0
-2.8296992721165544,-0.8373877056772199,0
-2.306382264230621,-0.9950565087455386,0
2.3321500869488228,0.8556263343086314,0
1.4682424978400712,0.7857449329488458,0
1.8990331547161285,0.8575834991173384,0
-1.3145759523662097,0.41185752314100377,0
-1.3674784366968955,0.384528781841887,0
-1.04359429759483,0.21375663859680621,0
-2.261025747809998,0.400772105845387,0
-2.296718622752567,-0.31402826319019633,0
-2.308332121676476,0.15927123849752423,0
-2.5753342083774764,-0.8772888648230389,0
-2.7915649563779366,-0.8945178333144755,0
-2.9824988186246633,-0.7300047018888755,0
2.5661666865529185,-1.1404680550934398,0
2.2192801496912407,-1.9738394915598432,0
2.3915932092409773,-0.8641989453070966,0
-2.380062304338621,-0.08604020461851657,0
-1.387895139195307,0.3633286809870363,0
-2.3652517573656895,0.3019846787111827,0
1.7631020770436423,-0.0004310979951630711,0
1.9747097894629777,0.9519311395262255,0
1.8792964191943524,0.6585478182049753,0
3.3123368573143694,-0.23756262070155595,0
2.622883495265481,-0.354149229325499,0
3.5430323841846194,-0.08927654098904347,0
2.087345069876136,0.5756878675220649,0
2.3867843578706402,1.0096044139430278,0
2.6606975664729204,1.2355757278679809,0
-2.7546333407316386,-0.31582584185177226,0
-2.6182443758650673,0.11183683872184998,0
-2.75986175700794,-0.4261679647229016,0
2.752319199032168,-0.33297588295972935,0
2.4034689876067157,-0.42345273088641044,0
2.6631631022449427,-0.24517396268174876,0
-1.8840718079246894,-0.49135517844463306,0
-2.525145117915858,-1.1664940283539587,0
-1.7916526606575096,-0.5874524319347497,0
-1.4422741789116529,0.09430460819579553,0
-1.4013292956552243,-0.2217178149031931,0
-0.9194786516607566,0.6394349648981686,0
1.848105423362036,-0.2365448484861993,0
2.33876868622879,1.1230967718682179,0
2.281823485982447,0.9204214580388689,0
-2.8275290517105227,-0.3589162557370068,0
-2.0614182285363225,-0.4900288795794576,0
-2.139083833309214,0.34895940573113293,0
-0.5951599906226949,0.04249425752619211,0
-1.443665673997731,0.184869242812953,0
-1.5535018050969711,0.3510251797752656,0
-1.4302456610519452,0.43761738874783473,0
-1.6901895471757062,0.3021654891035868,0
-1.6990369962117167,0.6281977490663279,0
-2.3548608927448655,-0.9967469133580521,0
-1.9408682853428905,-1.1699455170891662,0
-2.450974206910344,-0.9083214558154102,0
-2.8292904530428316,-0.7878845793999619,0
-2.197655405746814,-1.0151558497763116,0
-3.163557322109312,-0.7598871779775047,0
1.2715074546446123,-0.22679375316551034,0
1.1211926931926366,-0.1462200020943826,0
1.4637764614916193,-0.35900429763518416,0
1.5267154019092246,0.908440922538389,0
1.9721842962135463,0.47436639158529564,0
1.3069818738078136,1.3240345521305554,0
2.373471215185245,1.372946159398147,0
2.2189677615960632,1.2120934663466012,0
2.087966053321541,1.0453692754354174,0
2.0896709314051054,0.45955616862050885,0
1.980419638534322,0.8996081975519723,0
2.2441747804668646,1.3523975822887753,0
-2.6225412006592514,-0.7972871144941092,0
-2.160134415827083,-0.6781075306906308,0
-2.9056418782310245,-1.094453207520832,0
2.3531194074995336,1.5279336021903909,0
2.7356045526696753,1.2200966672709228,0
2.3509456679285883,1.6074665366145082,0
2.3009717337691162,1.020139108326631,0
2.4697242800653543,1.1306416642291768,0
2.43833817505073,1.1180666371230528,0
1.00333349241452,1.1610666462330812,0
0.9985928707812544,1.0129479268460881,0
0.7951433674537967,0.9321444399069548,0
2.1559550846019917,0.7502849345268165,0
2.1303818628886244,0.9399958207090651,0
2.0659587753634203,0.9855650140945059,0
0.25518657672230843,1.2950203933767408,0
0.29587909639870563,0.6477898850924733,0
0.8980103084575538,0.9039734129228485,0
2.2470491268605577,0.9927277712144422,0
1.3807488775235393,1.132677497069965,0
2.3312412966451364,1.1418195804007416,0
-2.942154108097178,-1.3247950050118478,0
-3.0456277026431455,-0.6385632713571341,0
-2.7940349390103747,-0.6612735891521456,0
0.7746609567382083,-0.18340797168810738,0
0.5405585203171523,0.23243941893417147,0
0.560553048097152,0.037095490575074996,0
1.9670962201405664,0.5334030947181913,0
2.4017695991419097,1.085300322596056,0
2.1671622047373913,0.6939930903948123,0
1.5006972613473435,-0.10402974355449031,0
1.4848206396873178,0.03849842077520606,0
1.3347538863157915,-0.9727836371674625,0
0.6189723750129188,0.12954648077477468,0
1.2747128341121354,0.1735451204997953,0
0.6028427708082952,0.11378131934898113,0
2.227079740763865,1.611757887189483,0
2.173361156167602,1.5308439461014567,0
2.2757564290617216,1.0164959646871081,0
1.1188951850160127,0.5863868557610421,0
1.3191576863549859,1.104768138117758,0
0.874402110219908,0.8381307530649755,0
-2.2779451331262517,0.4604585926181228,0
-1.8602826544101576,-0.4369594340563594,0
-2.240418855029147,0.09832087600382661,0
1.2180180586348104,-0.0491898910103455,0
1.13987729571131,-0.28270693415808784,0
1.4403183049342672,0.1181108357441323,0
2.504844000538931,1.2980888689193415,0
1.9629727939577095,0.8335427913952029,0
2.0678944324777007,0.7782790325726773,0
1.4084489737663324,0.0060377246947375665,0
1.3180265659088535,0.005854144557100306,0
1.3496510685144127,0.08244374231406552,0
-2.608736850298053,-0.6635816904407078,0
-2.5479925948437443,-0.8047039990454542,0
-2.4176698925443163,-0.6903615871779673,0
-2.673329677686054,-0.6540131366793518,0
-2.834855644877752,-0.7846747040339217,0
-2.82488706261685,-0.8864821331195728,0
0.4785205385225978,0.17369517948791605,0
0.4673872520500847,-0.2151658309743243,0
0.7308394395433941,-0.02650293760320809,0
2.0461748187699937,1.2068422681877973,0
2.055374103135451,1.6714644678151598,0
2.491185651450576,1.2627183663056085,0
1.5207869462212225,0.052377313991004405,0
1.9521617749322053,-0.5764244324964376,0
0.7568991053812785,-0.8967819615353603,0
2.0903264521674982,0.7795602675861341,0
2.2686627273138193,1.0325408216017242,0
2.1602483156243264,0.8450144502930585,0
